date,time,action,work
04/05/2026,21:00:17,Generate dummy text: en,succeed
04/05/2026,21:00:24,Generate dummy text: id,succeed
04/05/2026,21:00:38,Generate dummy text: ru,succeed
04/05/2026,21:00:57,Generate dummy text: jp,succeed
04/05/2026,21:01:02,Exit the program,interrupted
04/05/2026,21:05:47,Generate dummy text: en,succeed
04/05/2026,21:05:53,Save the results to the results.txt file,saved
04/05/2026,21:05:58,Generate dummy text: id,succeed
04/05/2026,21:06:02,Save the results to the results.txt file,saved
04/05/2026,21:06:16,Generate dummy text: ru,succeed
04/05/2026,21:06:19,Save the results to the results.txt file,saved
04/05/2026,21:06:32,Generate dummy text: jp,succeed
04/05/2026,21:06:33,Save the results to the results.txt file,saved
04/05/2026,21:06:48,Exit the program,interrupted
04/05/2026,21:34:55,Generate dummy text: en,succeed
04/05/2026,21:35:00,Save the results to the results.txt file,saved
04/05/2026,21:35:30,Generate dummy text: id,succeed
05/05/2026,19:59:36,Generate dummy text: en,succeed
05/05/2026,19:59:38,Exit the program,interrupted
05/05/2026,20:03:22,Exit the program,interrupted
05/05/2026,20:08:59,Generate dummy text: en,succeed
05/05/2026,20:09:16,Save the results to the results.txt file,saved
05/05/2026,20:09:51,Generate dummy text: id,succeed
05/05/2026,20:10:37,Generate dummy text: ru,succeed
05/05/2026,20:10:42,Save the results to the results.txt file,saved
05/05/2026,20:10:57,Generate dummy text: jp,succeed
05/05/2026,20:11:02,Save the results to the results.txt file,saved